Workbook

Sheet Summary
A1: SLCM Mobile App (Flutter): Effort Estimation Summary
A2: Team: 2 junior developers covering Flutter, backend and testing. Effort is in person-days: one person working one day. Prepared 15 Oct 2026.
A4: Assumptions (edit the yellow cells)
A5: UAT support & bug-fix allowance | B5: 0.1 | C5: Share of base effort for UAT rounds and fixes.
A6: Project coordination & meetings | B6: 0.1 | C6: Share of base effort for stand-ups, reviews, coordination.
A7: Contingency | B7: 0.15 | C7: Buffer for unknowns: unclear scope (e.g. Gate Entry), store review delays.
A8: Team size (developers) | B8: 2 | C8: Both developers share Flutter, backend and testing work.
A9: Junior productivity factor | B9: 1.5 | C9: Base estimates assume an experienced developer. Juniors typically take 1.5x to 2x as long.
A10: Ramp-up / learning days per person | B10: 10 | C10: Learning Flutter, Frappe APIs, Razorpay SDK and store release before productive work.
A11: Working days per month | B11: 21
A13: Effort by module (person-days)
A14: Module | B14: Features | C14: Flutter UI | D14: Backend / API | E14: QA & Integration | F14: Base effort | G14: UAT & bug-fix | H14: Coordination | I14: Contingency | J14: Total (experienced developer) | K14: Total for junior team | L14: Calendar months (team of 2)
A15: Common Foundation | B15: 13 | C15: ='Common Foundation'!G18 | D15: ='Common Foundation'!H18 | E15: ='Common Foundation'!I18 | F15: =SUM(C15:E15) | G15: =F15*$B$5 | H15: =F15*$B$6 | I15: =F15*$B$7 | J15: =SUM(F15:I15) | K15: =J15*$B$9 | L15: =K15/($B$8*$B$11)
A16: Student Portal | B16: 23 | C16: ='Student Portal'!G28 | D16: ='Student Portal'!H28 | E16: ='Student Portal'!I28 | F16: =SUM(C16:E16) | G16: =F16*$B$5 | H16: =F16*$B$6 | I16: =F16*$B$7 | J16: =SUM(F16:I16) | K16: =J16*$B$9 | L16: =K16/($B$8*$B$11)
A17: Faculty Portal | B17: 11 | C17: ='Faculty Portal'!G16 | D17: ='Faculty Portal'!H16 | E17: ='Faculty Portal'!I16 | F17: =SUM(C17:E17) | G17: =F17*$B$5 | H17: =F17*$B$6 | I17: =F17*$B$7 | J17: =SUM(F17:I17) | K17: =J17*$B$9 | L17: =K17/($B$8*$B$11)
A18: Parent Portal | B18: 12 | C18: ='Parent Portal'!G17 | D18: ='Parent Portal'!H17 | E18: ='Parent Portal'!I17 | F18: =SUM(C18:E18) | G18: =F18*$B$5 | H18: =F18*$B$6 | I18: =F18*$B$7 | J18: =SUM(F18:I18) | K18: =J18*$B$9 | L18: =K18/($B$8*$B$11)
A19: Ramp-up & learning (both developers) | K19: =$B$8*$B$10 | L19: =K19/($B$8*$B$11)
A20: Grand total | B20: =SUM(B15:B19) | C20: =SUM(C15:C19) | D20: =SUM(D15:D19) | E20: =SUM(E15:E19) | F20: =SUM(F15:F19) | G20: =SUM(G15:G19) | H20: =SUM(H15:H19) | I20: =SUM(I15:I19) | ... L20: =SUM(L15:L19)
A21: Total for junior team = experienced-developer total x junior factor. Calendar months = junior-team days / (team size x working days per month).
A23: Headline
A24: Total effort for the junior team (person-days) | B24: =K20
A25: Calendar duration with 2 developers (months) | B25: =L20
A26: Calendar duration with 2 developers (weeks) | B26: =L20*21/5
A28: Phased plan (both developers work through the phases in order)
A29: Phase | B29: Effort for junior team (days) | C29: Calendar months | D29: Cumulative months | E29: Outcome
A30: Phase 0: Ramp-up + Common Foundation | B30: =K19+K15 | C30: =B30/($B$8*$B$11) | D30: =SUM($C$30:C30) | E30: Login, app shell, design, payments, notifications, helpdesk WebView ready.
A31: Phase 1: Student Portal | B31: =K16 | C31: =B31/($B$8*$B$11) | D31: =SUM($C$30:C31) | E31: Student app can go live (first release).
A32: Phase 2: Faculty Portal | B32: =K17 | C32: =B32/($B$8*$B$11) | D32: =SUM($C$30:C32) | E32: Faculty features released.
A33: Phase 3: Parent Portal | B33: =K18 | C33: =B33/($B$8*$B$11) | D33: =SUM($C$30:C33) | E33: Full app with all three portals.
A36: API readiness by module (feature count)
A37: Module | B37: Ready | C37: Partial | D37: Missing
A38: Student Portal | B38: =COUNTIF('Student Portal'!E:E,"Ready") | C38: =COUNTIF('Student Portal'!E:E,"Partial") | D38: =COUNTIF('Student Portal'!E:E,"Missing")
A39: Faculty Portal | B39: =COUNTIF('Faculty Portal'!E:E,"Ready") | C39: =COUNTIF('Faculty Portal'!E:E,"Partial") | D39: =COUNTIF('Faculty Portal'!E:E,"Missing")
A40: Parent Portal | B40: =COUNTIF('Parent Portal'!E:E,"Ready") | C40: =COUNTIF('Parent Portal'!E:E,"Partial") | D40: =COUNTIF('Parent Portal'!E:E,"Missing")
A42: Ready = JSON API exists. Partial = action API exists but list/read data is only in server-rendered get_context. Missing = no backend in the web portal today.

Sheet Common Foundation
A1: Common Foundation: Flutter Mobile App Effort Estimate
A2: Effort in person-days. Yellow cells are estimates you can change; totals recalculate.
A4: # | B4: Feature | C4: Web source | D4: Existing API(s) | E4: API readiness | F4: Complexity | G4: Flutter UI (days) | H4: Backend / API (days) | I4: QA & Integration (days) | J4: Total (days) | K4: Notes
A5: 1 | B5: Project setup, architecture, flavours (dev/UAT/prod), CI/CD | C5: - | D5: - | E5: - | F5: M | G5: 4 | H5: 0 | I5: 1 | J5: =SUM(G5:I5) | K5: Flutter 3.x, Riverpod/Bloc, GoRouter, Codemagic or GitHub Actions builds for Android and iOS.
A6: 2 | B6: Mobile UI/UX design: design system, theme, dark mode, shared widgets | C6: Existing web portal styling | D6: - | E6: - | F6: L | G6: 8 | H6: 0 | I6: 1 | J6: =SUM(G6:I6) | K6: Includes Figma screens for ~45 screens and reusable cards, tables, calendar and form widgets.
A7: 3 | B7: API client layer: Dio, Frappe auth headers, error handling, pagination, models | C7: - | D7: - | E7: - | F7: M | G7: 4 | H7: 0 | I7: 1 | J7: =SUM(G7:I7) | K7: Typed models for every endpoint; central handling of Frappe exceptions and session expiry.
A8: 4 | B8: Authentication: login, forgot/reset password, token/session, role detection, biometric unlock | C8: Frappe login | D8: user.py (login/reset) | E8: Partial | F8: M | G8: 4 | H8: 2 | I8: 1.5 | J8: =SUM(G8:I8) | K8: Backend: issue API key/secret or OAuth token for mobile; endpoint returning role(s) and linked Student/Instructor/Guardian.
A9: 5 | B9: Role-based app shell and navigation (Student / Faculty / Parent in one app) | C9: _base.html per portal | D9: - | E9: - | F9: M | G9: 2 | H9: 0 | I9: 1 | J9: =SUM(G9:I9) | K9: One app, role chosen at login. Users with more than one role get a role switcher.
A10: 6 | B10: Push notifications (FCM) and in-app notification centre | C10: notifications.html | D10: get_portal_notifications, get_faculty_notifications | E10: Partial | F10: M | G10: 2.5 | H10: 3 | I10: 1 | J10: =SUM(G10:I10) | K10: Backend: device token doctype, FCM sender hooked into Notification Log / alerts (attendance, fees, results).
A11: 7 | B11: File handling: camera/gallery/document upload, PDF download, view and share | C11: Multiple pages | D11: upload_file, download_* endpoints | E11: Ready | F11: M | G11: 2.5 | H11: 0.5 | I11: 1 | J11: =SUM(G11:I11) | K11: Shared by condonation, complaints, bank passbook, receipts, hall ticket and grade cards.
A12: 8 | B12: Razorpay Flutter SDK integration (shared by Student and Parent payments) | C12: fees.html (Razorpay checkout.js) | D12: create_*_order / confirm_* / sync_payment_status | E12: Ready | F12: M | G12: 2 | H12: 1 | I12: 1.5 | J12: =SUM(G12:I12) | K12: Native SDK replaces checkout.js. Backend: verify signatures for mobile flow; webhook already exists.
A13: 9 | B13: Helpdesk WebView shell with single sign-on (replaces iframe) | C13: support.html (iframe to /helpdesk/my-tickets) | D13: Helpdesk app (Frappe) | E13: Partial | F13: M | G13: 2 | H13: 1.5 | I13: 1 | J13: =SUM(G13:I13) | K13: Inject Frappe session cookie into WebView, hide helpdesk sidebar via CSS, handle deep links to tickets and file attachments.
A14: 10 | B14: Offline caching and connectivity handling | C14: - | D14: - | E14: - | F14: M | G14: 3 | H14: 0 | I14: 1 | J14: =SUM(G14:I14) | K14: Cache timetable, ID card, results and attendance for offline view.
A15: 11 | B15: Security: secure storage, SSL pinning, session timeout, root/jailbreak checks | C15: - | D15: - | E15: - | F15: S | G15: 1.5 | H15: 0 | I15: 0.5 | J15: =SUM(G15:I15)
A16: 12 | B16: Crash reporting and analytics (Firebase Crashlytics/Analytics) | C16: - | D16: - | E16: - | F16: S | G16: 1 | H16: 0 | I16: 0.5 | J16: =SUM(G16:I16)
A17: 13 | B17: App Store and Play Store release: signing, listings, privacy forms, review cycles | C17: - | D17: - | E17: - | F17: M | G17: 3 | H17: 0 | I17: 1 | J17: =SUM(G17:I17) | K17: Apple review can take several rounds; plan buffer.
B18: Module total | G18: =SUM(G5:G17) | H18: =SUM(H5:H17) | I18: =SUM(I5:I17) | J18: =SUM(J5:J17)

Sheet Student Portal
A1: Student Portal: Flutter Mobile App Effort Estimate
A2: Effort in person-days. Yellow cells are estimates you can change; totals recalculate.
A4: # | B4: Feature | C4: Web source | D4: Existing API(s) | E4: API readiness | F4: Complexity | G4: Flutter UI (days) | H4: Backend / API (days) | I4: QA & Integration (days) | J4: Total (days) | K4: Notes
A5: 1 | B5: Home Dashboard: CGPA, Attendance, Fee Balance, Today's Schedule | C5: student-portal/index.py | D5: None (get_context only) | E5: Partial | F5: M | G5: 3 | H5: 2 | I5: 1.5 | J5: =SUM(G5:I5) | K5: Needs one aggregated dashboard JSON endpoint built from index.py logic.
A6: 2 | B6: My Courses & Enrolled Subjects | C6: student-portal/courses.py | D6: None (get_context only) | E6: Partial | F6: S | G6: 2 | H6: 1 | I6: 1 | J6: =SUM(G6:I6) | K6: Expose course list and enrolment from courses.py.
A7: 3 | B7: Daily & Weekly Timetable | C7: student-portal/timetable.py | D7: get_student_calendar | E7: Ready | F7: M | G7: 3 | H7: 0.5 | I7: 1 | J7: =SUM(G7:I7) | K7: Day/week calendar widget, reused by Faculty and Parent.
A8: 4 | B8: Course-wise Attendance with Warning Alerts | C8: student-portal/attendance.py | D8: None (get_context only) | E8: Partial | F8: M | G8: 2.5 | H8: 1.5 | I8: 1 | J8: =SUM(G8:I8) | K8: Expose attendance summary; push alert when below threshold.
A9: 5 | B9: Exam Eligibility Status per Course | C9: attendance.py / exam_schedule.py | D9: None (get_context only) | E9: Partial | F9: S | G9: 1.5 | H9: 1 | I9: 0.5 | J9: =SUM(G9:I9) | K9: Expose eligibility flags already computed for the web.
A10: 6 | B10: Attendance Condonation / Excuse Application (with document upload) | C10: attendance.html | D10: get_condonation_reasons, submit_condonation_application, submit_fa_mfa_application | E10: Ready | F10: M | G10: 2.5 | H10: 0.5 | I10: 1 | J10: =SUM(G10:I10) | K10: Form with camera/document picker and application status list.
A11: 7 | B11: General Academic Leave Application | C11: student-portal/leave_request.py | D11: submit_leave_request (www) | E11: Partial | F11: S | G11: 2 | H11: 0.5 | I11: 0.5 | J11: =SUM(G11:I11) | K11: Submit API exists; add a list/status endpoint.
A12: 8 | B12: Examination Schedule & Hall Ticket Download | C12: student-portal/exam_schedule.py | D12: None (get_context only) | E12: Partial | F12: M | G12: 2 | H12: 1.5 | I12: 1 | J12: =SUM(G12:I12) | K12: Expose schedule and hall ticket PDF endpoint.
A13: 9 | B13: Academic Results & Grade Cards | C13: student-portal/results.py | D13: None (get_context only) | E13: Partial | F13: M | G13: 2.5 | H13: 1.5 | I13: 1 | J13: =SUM(G13:I13) | K13: Semester-wise results, SGPA/CGPA, grade card PDF.
A14: 10 | B14: Grade Appeal / Re-evaluation Application | C14: student-portal/grade_appeal.py | D14: submit_appeal (www) | E14: Partial | F14: S | G14: 2 | H14: 0.5 | I14: 1 | J14: =SUM(G14:I14) | K14: Submit exists; add appeal list/status endpoint.
A15: 11 | B15: Re-Examination & Improvement Exam Registration + Fee Payment | C15: student-portal/re_exam.py | D15: initiate_re_exam_registration, initiate_improvement_exam_registration, *_payment_order | E15: Ready | F15: M | G15: 3 | H15: 0.5 | I15: 1.5 | J15: =SUM(G15:I15) | K15: Uses shared Razorpay module; payment test cases.
A16: 12 | B16: Fee Demands, Scholarships & Online Payment (UPI, Card, Net Banking) | C16: student-portal/fees.py (1,117 lines) | D16: student_payment.py (32 endpoints), get_invoice_summary | E16: Partial | F16: L | G16: 5 | H16: 1.5 | I16: 2.5 | J16: =SUM(G16:I16) | K16: Payment APIs ready; fee list and scholarship view need a JSON endpoint. Single, bulk and demand payments.
A17: 13 | B17: Payment Receipt Download | C17: fees.html | D17: download_fee_receipt, download_re_exam_receipt, download_improvement_exam_receipt | E17: Ready | F17: S | G17: 1 | H17: 0.25 | I17: 0.5 | J17: =SUM(G17:I17)
A18: 14 | B18: Hostel Room & Warden Details | C18: student-portal/hostel.py | D18: None (get_context only) | E18: Partial | F18: S | G18: 1.5 | H18: 0.5 | I18: 0.5 | J18: =SUM(G18:I18)
A19: 15 | B19: Hostel Leave / Out-Pass Request | C19: student-portal/hostel.py | D19: submit_leave_request (hostel) | E19: Partial | F19: S | G19: 2 | H19: 0.5 | I19: 0.5 | J19: =SUM(G19:I19) | K19: Add list/status endpoint. A QR out-pass for gate scanning would add ~2 days.
A20: 16 | B20: Hostel Maintenance Complaint (with photo upload) | C20: student-portal/hostel.py | D20: submit_complaint | E20: Partial | F20: S | G20: 2 | H20: 0.5 | I20: 0.5 | J20: =SUM(G20:I20) | K20: Add complaint list/status endpoint.
A21: 17 | B21: Campus Venue Booking | C21: student-portal/venue_booking.py | D21: check_room_availability, get_rooms_for_type, submit_venue_booking, cancel_venue_booking, request_venue_swap | E21: Ready | F21: L | G21: 4 | H21: 0.5 | I21: 1.5 | J21: =SUM(G21:I21) | K21: Availability search, booking, swap and cancel. Widgets reused by Faculty.
A22: 18 | B22: Digital Student ID Card | C22: documents.py / profile.py | D22: None (get_context only) | E22: Partial | F22: M | G22: 2 | H22: 1 | I22: 0.5 | J22: =SUM(G22:I22) | K22: Card with photo and QR, available offline.
A23: 19 | B23: Student Registration Slip Download | C23: student-portal/documents.html | D23: download_student_document | E23: Ready | F23: S | G23: 1 | H23: 0.25 | I23: 0.5 | J23: =SUM(G23:I23)
A24: 20 | B24: Bank Account Details Submission (for scholarships & refunds) | C24: student-portal/profile.html | D24: submit_bank_details, upload_bank_passbook | E24: Ready | F24: S | G24: 1.5 | H24: 0.25 | I24: 0.5 | J24: =SUM(G24:I24)
A25: 21 | B25: Helpdesk (WebView) | C25: student-portal/support.html (iframe) | D25: Helpdesk app | E25: Partial | F25: S | G25: 1 | H25: 0.25 | I25: 0.5 | J25: =SUM(G25:I25) | K25: Uses the shared WebView shell from the Common module.
A26: 22 | B26: Notifications & Announcements | C26: notifications.html / announcements.py | D26: get_portal_notifications | E26: Partial | F26: S | G26: 1.5 | H26: 0.5 | I26: 0.5 | J26: =SUM(G26:I26) | K26: Announcement list needs a JSON endpoint.
A27: 23 | B27: Profile view | C27: student-portal/profile.py | D27: add_guardian | E27: Partial | F27: S | G27: 1.5 | H27: 0.5 | I27: 0.5 | J27: =SUM(G27:I27) | K27: Not in the requested list, but needed in any mobile app.
B28: Module total | G28: =SUM(G5:G27) | H28: =SUM(H5:H27) | I28: =SUM(I5:I27) | J28: =SUM(J5:J27)

Sheet Faculty Portal
A1: Faculty Portal: Flutter Mobile App Effort Estimate
A2: Effort in person-days. Yellow cells are estimates you can change; totals recalculate.
A4: # | B4: Feature | C4: Web source | D4: Existing API(s) | E4: API readiness | F4: Complexity | G4: Flutter UI (days) | H4: Backend / API (days) | I4: QA & Integration (days) | J4: Total (days) | K4: Notes
A5: 1 | B5: Faculty Dashboard: Today's Classes, Pending Tasks, Announcements | C5: faculty-portal/index.py | D5: get_dashboard_stats, drilldown_todays_classes, drilldown_pending_attendance | E5: Ready | F5: M | G5: 3.5 | H5: 0.5 | I5: 1 | J5: =SUM(G5:I5)
A6: 2 | B6: My Assigned Courses & Student Roster | C6: faculty-portal/course-offerings.py | D6: drilldown_subjects, drilldown_students, drilldown_student_groups | E6: Partial | F6: M | G6: 2.5 | H6: 1 | I6: 1 | J6: =SUM(G6:I6)
A7: 3 | B7: Class Attendance Recording (Present / Absent / On Duty) | C7: faculty-portal/attendance.py | D7: get_session_students, save_attendance, bulk_attendance.* | E7: Ready | F7: L | G7: 4 | H7: 0.5 | I7: 2 | J7: =SUM(G7:I7) | K7: Fast bulk marking UX, mark-all, offline queue with sync.
A8: 4 | B8: Attendance Correction / Amendment Request | C8: Not in web portal | D8: None | E8: Missing | F8: M | G8: 2 | H8: 3 | I8: 1 | J8: =SUM(G8:I8) | K8: New backend: request doctype, approval workflow, APIs.
A9: 5 | B9: Marks & Assessment Entry | C9: faculty-portal/marks.py | D9: faculty_assessment_marks.* (5), faculty_grades.* (11), save_student_marks | E9: Ready | F9: L | G9: 5 | H9: 0.5 | I9: 2 | J9: =SUM(G9:I9) | K9: Grid entry on small screens is the hardest UX in the app; validation and draft save.
A10: 6 | B10: Student Leave & Condonation / Excuse Review & Recommendation | C10: faculty-portal/index.py (drilldowns) | D10: drilldown_condonation, save_condonation_recommendation | E10: Partial | F10: M | G10: 2.5 | H10: 1 | I10: 1 | J10: =SUM(G10:I10) | K10: Leave review list needs an endpoint; attachment preview.
A11: 7 | B11: Weekly Timetable & Academic Calendar View | C11: faculty-portal/my_classes.py | D11: get_faculty_calendar | E11: Ready | F11: S | G11: 1.5 | H11: 0.25 | I11: 0.5 | J11: =SUM(G11:I11) | K11: Reuses the Student calendar widget.
A12: 8 | B12: Campus Venue Booking | C12: faculty-portal/venue_booking.py | D12: create_venue_booking, check_room_availability | E12: Ready | F12: M | G12: 2 | H12: 0.5 | I12: 1 | J12: =SUM(G12:I12) | K12: Reuses Student venue booking widgets.
A13: 9 | B13: Course Announcements to Students | C13: faculty-portal/communication.py | D13: None (get_context only) | E13: Partial | F13: M | G13: 2 | H13: 1 | I13: 0.5 | J13: =SUM(G13:I13) | K13: Compose/list endpoint; triggers student push notification.
A14: 10 | B14: Helpdesk (WebView) | C14: faculty-portal/support.html (iframe) | D14: Helpdesk app | E14: Partial | F14: S | G14: 0.5 | H14: 0.25 | I14: 0.5 | J14: =SUM(G14:I14)
A15: 11 | B15: Profile, Settings & Change Password | C15: faculty-portal/profile.py, settings.py | D15: update_profile, change_password, save_preferences | E15: Ready | F15: S | G15: 1.5 | H15: 0 | I15: 0.5 | J15: =SUM(G15:I15) | K15: Not in the requested list, but needed in any mobile app.
B16: Module total | G16: =SUM(G5:G15) | H16: =SUM(H5:H15) | I16: =SUM(I5:I15) | J16: =SUM(J5:J15)

Sheet Parent Portal
A1: Parent Portal: Flutter Mobile App Effort Estimate
A2: Effort in person-days. Yellow cells are estimates you can change; totals recalculate.
A4: # | B4: Feature | C4: Web source | D4: Existing API(s) | E4: API readiness | F4: Complexity | G4: Flutter UI (days) | H4: Backend / API (days) | I4: QA & Integration (days) | J4: Total (days) | K4: Notes
A5: 1 | B5: Multi-Ward Switcher (if more than one child enrolled) | C5: parent-portal (single ward only) | D5: None | E5: Missing | F5: M | G5: 2 | H5: 2 | I5: 1 | J5: =SUM(G5:I5) | K5: Web shows one ward. Backend must list all wards for a guardian and scope every parent API by ward.
A6: 2 | B6: Ward Academic Overview: Programme, Batch, CGPA | C6: parent-portal/index.py | D6: None (get_context only) | E6: Partial | F6: S | G6: 2 | H6: 1 | I6: 0.5 | J6: =SUM(G6:I6)
A7: 3 | B7: Course-wise Attendance Monitoring with Low-Attendance Alerts | C7: parent-portal/attendance.py | D7: None (get_context only) | E7: Partial | F7: M | G7: 1.5 | H7: 1.5 | I7: 0.5 | J7: =SUM(G7:I7) | K7: Reuses Student attendance widgets; push alert to parent.
A8: 4 | B8: Ward Daily & Weekly Timetable (Read-Only) | C8: Not in parent web portal | D8: get_student_calendar (student-scoped) | E8: Missing | F8: S | G8: 1 | H8: 1 | I8: 0.5 | J8: =SUM(G8:I8) | K8: Reuses calendar widget; backend must allow guardian access to ward calendar.
A9: 5 | B9: Campus Gate Entry | C9: Not in web portal | D9: None | E9: Missing | F9: M | G9: 2 | H9: 3 | I9: 1 | J9: =SUM(G9:I9) | K9: Assumed: ward's gate entry/exit log from RFID data. Scope must be confirmed.
A10: 6 | B10: Fee Statement & Outstanding Dues | C10: parent-portal/fees.py | D10: parent_get_invoice_summary | E10: Partial | F10: M | G10: 2.5 | H10: 0.5 | I10: 1 | J10: =SUM(G10:I10)
A11: 7 | B11: Online Fee Payment (UPI, Card, Net Banking) | C11: parent-portal/fees.html | D11: parent_create_payment_order, parent_confirm_fee_payment, parent_*_demand_payment | E11: Ready | F11: M | G11: 2 | H11: 0.5 | I11: 1.5 | J11: =SUM(G11:I11) | K11: Uses shared Razorpay module.
A12: 8 | B12: Payment Receipt Download | C12: parent-portal/fees.html | D12: parent_download_fee_receipt, parent_download_fee_invoice | E12: Ready | F12: S | G12: 0.5 | H12: 0 | I12: 0.5 | J12: =SUM(G12:I12)
A13: 9 | B13: Ward Academic Results & Grade History | C13: parent-portal/results.py | D13: None (get_context only) | E13: Partial | F13: S | G13: 2 | H13: 1 | I13: 0.5 | J13: =SUM(G13:I13) | K13: Reuses Student results widgets.
A14: 10 | B14: Hostel Room & Warden Contact Details | C14: Not in parent web portal | D14: None | E14: Missing | F14: S | G14: 1 | H14: 1 | I14: 0.5 | J14: =SUM(G14:I14) | K14: Expose ward hostel data to guardian; tap-to-call warden.
A15: 11 | B15: University Notices & Parent Circulars | C15: Not in parent web portal | D15: None | E15: Missing | F15: M | G15: 1.5 | H15: 1.5 | I15: 0.5 | J15: =SUM(G15:I15) | K15: Needs audience targeting for parents (new field or doctype).
A16: 12 | B16: Helpdesk (WebView) | C16: No parent support page found | D16: Helpdesk app | E16: Partial | F16: S | G16: 0.5 | H16: 0.5 | I16: 0.5 | J16: =SUM(G16:I16) | K16: Guardian users need helpdesk access configured.
B17: Module total | G17: =SUM(G5:G16) | H17: =SUM(H5:H16) | I17: =SUM(I5:I16) | J17: =SUM(J5:J16)

Sheet Assumptions & Risks
A1: Assumptions, Exclusions & Risks
A3: # | B3: Type | C3: Detail
A4: 1 | B4: Assumption | C4: One Flutter app for all three roles; the role is decided at login. Android and iOS from the same codebase.
A5: 2 | B5: Assumption | C5: The Frappe backend stays the system of record. The mobile app calls whitelisted /api/method endpoints with token authentication.
A6: 3 | B6: Assumption | C6: Helpdesk is delivered as an authenticated WebView of the existing /helpdesk portal (same approach as today's iframe). A fully native helpdesk would add about 12 to 15 days.
A7: 4 | B7: Assumption | C7: Payments use the Razorpay Flutter SDK with the existing order/confirm endpoints and webhook.
A8: 5 | B8: Assumption | C8: Feature estimates are sized for an experienced developer, then multiplied by the junior productivity factor (1.5x) for this team of 2 junior developers.
A9: 6 | B9: Assumption | C9: The 2 developers do all work: Flutter screens, backend APIs, testing and store release. There is no separate QA, designer or backend developer.
A10: 7 | B10: Assumption | C10: Each developer gets 10 days of ramp-up to learn Flutter, the Frappe APIs, the Razorpay SDK and store release.
A11: 8 | B11: Assumption | C11: Mobile screens follow the existing web portal design, so no separate UI/UX designer is needed.
A12: 9 | B12: Exclusion | C12: Placement, Transcript Request, Fee Certificate, Enrollment and Documents pages that exist in the web portal but are not in the requested scope.
A13: 10 | B13: Exclusion | C13: Admin/staff features, tablet-specific layouts, multiple languages, Apple/Google developer account fees.
A14: 11 | B14: Risk | C14: Many read screens rely on get_context. Each needs a new JSON endpoint; logic must be shared with the web page to avoid two versions drifting apart.
A15: 12 | B15: Risk | C15: Campus Gate Entry scope is undefined (view logs, QR pass, or live alerts). Estimated as a read-only log from RFID data.
... A21: 18 | B21: Risk | C21: Developers testing their own work miss more defects. Plan UAT with real students, faculty and parents before each release.
